pair,n_test,adapter_ap,adapter_acc
full_empty,32,0.8073806861521393,0.625
open_closed,32,0.6995397641255963,0.40625
on_off,32,0.6914557592187734,0.4375
cooked_raw,10,1.0,0.8
dirty_clean,28,0.9999999999999999,1.0
broken_intact,18,1.0,0.9444444444444444
